<root>
    <Gpu>
        <ComponentInfo>
            <brand>MSI</brand>
            <model_number>GTX 1050 Ti OC</model_number>
            <price>65690</price>
            <price_site>https://www.arukereso.hu/videokartya-c3142/msi/geforce-gtx-1050-ti-4gb-gddr5-128bit-pcie-gtx-1050-ti-4gt-oc-p350966089/</price_site>
            <shop_site>https://www.aqua.hu/msi-geforce-gtx-1050-ti-4gt-oc-videokartya-v809-2277r-485756.html</shop_site>
            <product_site>https://www.msi.com/Graphics-card/GeForce-GTX-1050-Ti-4GT-OC.html</product_site>
        </ComponentInfo>
        <GpuType>
            <brand>Nvidia</brand>
            <name>1050 Ti</name>
        </GpuType>
        <base_frequency_mhz>1341</base_frequency_mhz>
        <boost_frequency_mhz>1455</boost_frequency_mhz>
        <vram_amount_mb>4000</vram_amount_mb>
        <vram_frequency_mhz>7008</vram_frequency_mhz>
        <cuda_core_amount>768</cuda_core_amount>
        <memory_bus_width>128</memory_bus_width>
        <output_port_amount>3</output_port_amount>
    </Gpu>
    <Gpu>
        <ComponentInfo>
            <brand>MSI</brand>
            <model_number>GTX 1050 Ti Gaming X</model_number>
            <price>0</price>
            <price_site>https://www.arukereso.hu/videokartya-c3142/msi/geforce-gtx-1050-ti-4gb-gddr5-128bit-pcie-gtx-1050-ti-gaming-x-4g-p350966103/</price_site>
            <shop_site>https://www.aqua.hu/msi-geforce-gtx-1050-ti-gaming-x-4g-videokartya-480112.html</shop_site>
            <product_site>https://www.msi.com/Graphics-card/GeForce-GTX-1050-Ti-GAMING-X-4G</product_site>
        </ComponentInfo>
        <GpuType>
            <brand>Nvidia</brand>
            <name>1050 Ti</name>
        </GpuType>
        <base_frequency_mhz>1379</base_frequency_mhz>
        <boost_frequency_mhz>1493</boost_frequency_mhz>
        <vram_amount_mb>4000</vram_amount_mb>
        <vram_frequency_mhz>7108</vram_frequency_mhz>
        <cuda_core_amount>768</cuda_core_amount>
        <memory_bus_width>128</memory_bus_width>
        <output_port_amount>3</output_port_amount>
    </Gpu>
    <Gpu>
        <ComponentInfo>
            <brand>ASUS</brand>
            <model_number>Strix GTX 1050 Ti</model_number>
            <price>77890</price>
            <price_site>https://www.arukereso.hu/videokartya-c3142/asus/geforce-gtx-1050-ti-4gb-gddr5-128bit-pcie-rog-strix-gtx1050ti-4g-gaming-p353367203/</price_site>
            <shop_site>https://www.aqua.hu/asus-geforce-gtx-1050-ti-4gb-rog-strix-videokartya-rog-strix-gtx1050ti-4g-gaming-481246.html</shop_site>
            <product_site>https://www.asus.com/Graphics-Cards/ROG-STRIX-GTX1050TI-4G-GAMING/</product_site>
        </ComponentInfo>
        <GpuType>
            <brand>Nvidia</brand>
            <name>1050 Ti</name>
        </GpuType>
        <base_frequency_mhz>1392</base_frequency_mhz>
        <boost_frequency_mhz>1430</boost_frequency_mhz>
        <vram_amount_mb>4000</vram_amount_mb>
        <vram_frequency_mhz>7008</vram_frequency_mhz>
        <cuda_core_amount>768</cuda_core_amount>
        <memory_bus_width>128</memory_bus_width>
        <output_port_amount>4</output_port_amount>
    </Gpu>
    <Gpu>
        <ComponentInfo>
            <brand>ASUS</brand>
            <model_number>Strix GTX 1050 Ti OC</model_number>
            <price>70890</price>
            <price_site>https://www.arukereso.hu/videokartya-c3142/asus/geforce-gtx-1050-ti-oc-4gb-gddr5-128bit-pcie-rog-strix-gtx1050ti-o4g-gaming-p351369347/</price_site>
            <shop_site>https://www.aqua.hu/asus-geforce-gtx-1050-ti-4gb-rog-strix-videokartya-rog-strix-gtx1050ti-o4g-gaming-481248.html</shop_site>
            <product_site>https://www.asus.com/Graphics-Cards/ROG-STRIX-GTX1050TI-O4G-GAMING/</product_site>
        </ComponentInfo>
        <GpuType>
            <brand>Nvidia</brand>
            <name>1050 Ti</name>
        </GpuType>
        <base_frequency_mhz>1392</base_frequency_mhz>
        <boost_frequency_mhz>1506</boost_frequency_mhz>
        <vram_amount_mb>4000</vram_amount_mb>
        <vram_frequency_mhz>7008</vram_frequency_mhz>
        <cuda_core_amount>768</cuda_core_amount>
        <memory_bus_width>128</memory_bus_width>
        <output_port_amount>4</output_port_amount>
    </Gpu>
    <Gpu>
        <ComponentInfo>
            <brand>Zotac</brand>
            <model_number>GTX 1050 Ti OC</model_number>
            <price>72290</price>
            <price_site>https://www.arukereso.hu/videokartya-c3142/zotac/geforce-gtx-1050-ti-oc-edition-4gb-gddr5-128bit-pcie-zt-p10510b-10l-p350976241/</price_site>
            <shop_site>https://www.aqua.hu/zotac-geforce-gtx-1050-ti-4gb-oc-edition-videokartya-zt-p10510b-10l-495476.html</shop_site>
            <product_site>https://www.zotac.com/product/graphics_card/zotac-geforce-gtx-1050-ti-oc-edition</product_site>
        </ComponentInfo>
        <GpuType>
            <brand>Nvidia</brand>
            <name>1050 Ti</name>
        </GpuType>
        <base_frequency_mhz>1392</base_frequency_mhz>
        <boost_frequency_mhz>1506</boost_frequency_mhz>
        <vram_amount_mb>4000</vram_amount_mb>
        <vram_frequency_mhz>7008</vram_frequency_mhz>
        <cuda_core_amount>768</cuda_core_amount>
        <memory_bus_width>128</memory_bus_width>
        <output_port_amount>3</output_port_amount>
    </Gpu>
    <Gpu>
        <ComponentInfo>
            <brand>Gigabyte</brand>
            <model_number>GTX 1050 Ti OC</model_number>
            <price>68890</price>
            <price_site>https://www.arukereso.hu/videokartya-c3142/gigabyte/geforce-gtx-1050-ti-oc-4gb-gddr5-128bit-pcie-gv-n105toc-4gd-p350968769/</price_site>
            <shop_site>https://www.aqua.hu/gigabyte-geforce-gtx-1050-ti-oc-4g-4gb-videokartya-gv-n105toc-4gd-485434.html</shop_site>
            <product_site>https://www.gigabyte.com/Graphics-Card/GV-N105TOC-4GD-rev-10-rev11-rev12</product_site>
        </ComponentInfo>
        <GpuType>
            <brand>Nvidia</brand>
            <name>1050 Ti</name>
        </GpuType>
        <base_frequency_mhz>1341</base_frequency_mhz>
        <boost_frequency_mhz>1455</boost_frequency_mhz>
        <vram_amount_mb>4000</vram_amount_mb>
        <vram_frequency_mhz>7008</vram_frequency_mhz>
        <cuda_core_amount>768</cuda_core_amount>
        <memory_bus_width>128</memory_bus_width>
        <output_port_amount>3</output_port_amount>
    </Gpu>
    <Gpu>
        <ComponentInfo>
            <brand>Gigabyte</brand>
            <model_number>GTX 1050 Ti G1 Gaming</model_number>
            <price>74890</price>
            <price_site>https://www.arukereso.hu/videokartya-c3142/gigabyte/geforce-gtx-1050-ti-g1-gaming-4gb-gddr5-128bit-pcie-gv-n105tg1-gaming-4gd-p350365969/</price_site>
            <shop_site>https://www.aqua.hu/gigabyte-geforce-gtx-1050ti-g1-gaming-4gb-videokartya-gv-n105tg1-gaming-4gd-486658.html</shop_site>
            <product_site>https://www.gigabyte.com/hu/Graphics-Card/GV-N105TG1-GAMING-4GD</product_site>
        </ComponentInfo>
        <GpuType>
            <brand>Nvidia</brand>
            <name>1050 Ti</name>
        </GpuType>
        <base_frequency_mhz>1392</base_frequency_mhz>
        <boost_frequency_mhz>1506</boost_frequency_mhz>
        <vram_amount_mb>4000</vram_amount_mb>
        <vram_frequency_mhz>7008</vram_frequency_mhz>
        <cuda_core_amount>768</cuda_core_amount>
        <memory_bus_width>128</memory_bus_width>
        <output_port_amount>5</output_port_amount>
    </Gpu>
    <Gpu>
        <ComponentInfo>
            <brand>Zotac</brand>
            <model_number>GTX 1060 Ti AMP!</model_number>
            <price>109900</price>
            <price_site>https://www.arukereso.hu/videokartya-c3142/zotac/geforce-gtx-1060-amp-edition-6gb-gddr5-192bit-pcie-zt-p10600b-10m-p342897608/</price_site>
            <product_site>https://www.zotac.com/product/graphics_card/zotac-geforce-gtx-1060-amp-edition</product_site>
        </ComponentInfo>
        <GpuType>
            <brand>Nvidia</brand>
            <name>1060</name>
        </GpuType>
        <base_frequency_mhz>1556</base_frequency_mhz>
        <boost_frequency_mhz>1771</boost_frequency_mhz>
        <vram_amount_mb>6000</vram_amount_mb>
        <vram_frequency_mhz>8008</vram_frequency_mhz>
        <cuda_core_amount>1280</cuda_core_amount>
        <memory_bus_width>192</memory_bus_width>
        <output_port_amount>5</output_port_amount>
    </Gpu>
    <Gpu>
        <ComponentInfo>
            <brand>ASUS</brand>
            <model_number>Dual GTX 1060</model_number>
            <price>107990</price>
            <price_site>https://www.arukereso.hu/videokartya-c3142/asus/geforce-gtx-1060-6gb-gddr5-192bit-pcie-dual-gtx1060-6g-p343321122/</price_site>
            <shop_site>https://www.aqua.hu/asus-geforce-gtx-1060-6gb-dual-videokartya-dual-gtx1060-6g-451422.html</shop_site>
            <product_site>https://www.asus.com/Graphics-Cards/DUAL-GTX1060-6G/</product_site>
        </ComponentInfo>
        <GpuType>
            <brand>Nvidia</brand>
            <name>1060</name>
        </GpuType>
        <base_frequency_mhz>1506</base_frequency_mhz>
        <boost_frequency_mhz>1708</boost_frequency_mhz>
        <vram_amount_mb>6000</vram_amount_mb>
        <vram_frequency_mhz>8008</vram_frequency_mhz>
        <cuda_core_amount>1280</cuda_core_amount>
        <memory_bus_width>192</memory_bus_width>
        <output_port_amount>5</output_port_amount>
    </Gpu>
    <Gpu>
        <ComponentInfo>
            <brand>ASUS</brand>
            <model_number>Dual GTX 1060 OC</model_number>
            <price>112900</price>
            <price_site>https://www.arukereso.hu/videokartya-c3142/asus/geforce-gtx-1060-dual-oc-6gb-gddr5-192bit-pcie-dual-gtx1060-o6g-p342897054/</price_site>
            <shop_site>https://www.aqua.hu/asus-geforce-gtx-1060-6gb-dual-videokartya-dual-gtx1060-o6g-451426.html</shop_site>
            <product_site>https://www.asus.com/Graphics-Cards/DUAL-GTX1060-O6G/</product_site>
        </ComponentInfo>
        <GpuType>
            <brand>Nvidia</brand>
            <name>1060</name>
        </GpuType>
        <base_frequency_mhz>1594</base_frequency_mhz>
        <boost_frequency_mhz>1809</boost_frequency_mhz>
        <vram_amount_mb>6000</vram_amount_mb>
        <vram_frequency_mhz>8008</vram_frequency_mhz>
        <cuda_core_amount>1280</cuda_core_amount>
        <memory_bus_width>192</memory_bus_width>
        <output_port_amount>5</output_port_amount>
    </Gpu>
    <Gpu>
        <ComponentInfo>
            <brand>MSI</brand>
            <model_number>GTX 1060 OC</model_number>
            <price>103900</price>
            <price_site>https://www.arukereso.hu/videokartya-c3142/msi/geforce-gtx-1060-6gb-gddr5-192bit-pcie-gtx-1060-6gt-ocv1-p349045276/</price_site>
            <shop_site>https://www.aqua.hu/msi-geforce-gtx-1060-6gb-6gt-ocv1-videokartya-v809-2234r-474324.html</shop_site>
            <product_site>https://www.msi.com/Graphics-card/GeForce-GTX-1060-6GT-OCV1.html</product_site>
        </ComponentInfo>
        <GpuType>
            <brand>Nvidia</brand>
            <name>1060</name>
        </GpuType>
        <base_frequency_mhz>1544</base_frequency_mhz>
        <boost_frequency_mhz>1759</boost_frequency_mhz>
        <vram_amount_mb>6000</vram_amount_mb>
        <vram_frequency_mhz>8008</vram_frequency_mhz>
        <cuda_core_amount>1280</cuda_core_amount>
        <memory_bus_width>192</memory_bus_width>
        <output_port_amount>3</output_port_amount>
    </Gpu>
    <Gpu>
        <ComponentInfo>
            <brand>MSI</brand>
            <model_number>GTX 1060 Armor OC</model_number>
            <price>109900</price>
            <price_site>https://www.arukereso.hu/videokartya-c3142/msi/geforce-gtx-1060-6gb-gddr5-192bit-pcie-gtx-1060-armor-6g-ocv1-p345587240/</price_site>
            <shop_site>https://www.aqua.hu/msi-geforce-gtx-1060-6gb-armor-6g-ocv1-videokartya-462796.html</shop_site>
            <product_site>https://www.msi.com/Graphics-card/GeForce-GTX-1060-ARMOR-6G-OCV1.html</product_site>
        </ComponentInfo>
        <GpuType>
            <brand>Nvidia</brand>
            <name>1060</name>
        </GpuType>
        <base_frequency_mhz>1544</base_frequency_mhz>
        <boost_frequency_mhz>1759</boost_frequency_mhz>
        <vram_amount_mb>6000</vram_amount_mb>
        <vram_frequency_mhz>8008</vram_frequency_mhz>
        <cuda_core_amount>1280</cuda_core_amount>
        <memory_bus_width>192</memory_bus_width>
        <output_port_amount>5</output_port_amount>
    </Gpu>
    <Gpu>
        <ComponentInfo>
            <brand>MSI</brand>
            <model_number>GTX 1060 Gaming X</model_number>
            <price>127900</price>
            <price_site>https://www.arukereso.hu/videokartya-c3142/msi/geforce-gtx-1060-6gb-gddr5-192bit-pcie-gtx-1060-gaming-x-6g-p342959352/</price_site>
            <shop_site>https://www.aqua.hu/msi-geforce-gtx-1060-6gb-gaming-x-videokartya-451494.html</shop_site>
            <product_site>https://www.msi.com/Graphics-card/GeForce-GTX-1060-GAMING-X-6G.html</product_site>
        </ComponentInfo>
        <GpuType>
            <brand>Nvidia</brand>
            <name>1060</name>
        </GpuType>
        <base_frequency_mhz>1594</base_frequency_mhz>
        <boost_frequency_mhz>1809</boost_frequency_mhz>
        <vram_amount_mb>6000</vram_amount_mb>
        <vram_frequency_mhz>8108</vram_frequency_mhz>
        <cuda_core_amount>1280</cuda_core_amount>
        <memory_bus_width>192</memory_bus_width>
        <output_port_amount>5</output_port_amount>
    </Gpu>
    <Gpu>
        <ComponentInfo>
            <brand>ASUS</brand>
            <model_number>Strix GTX 1060</model_number>
            <price>118990</price>
            <price_site>https://www.arukereso.hu/videokartya-c3142/asus/geforce-gtx-1060-6gb-gddr5-192bit-pcie-rog-strix-gtx1060-6g-gaming-p342895972/</price_site>
            <shop_site>https://www.aqua.hu/asus-geforce-gtx-1060-6gb-rog-gaming-videokartya-strix-gtx1060-6g-gaming-451152.html</shop_site>
            <product_site>https://www.asus.com/Graphics-Cards/ROG-STRIX-GTX1060-6G-GAMING/</product_site>
        </ComponentInfo>
        <GpuType>
            <brand>Nvidia</brand>
            <name>1060</name>
        </GpuType>
        <base_frequency_mhz>1531</base_frequency_mhz>
        <boost_frequency_mhz>1746</boost_frequency_mhz>
        <vram_amount_mb>6000</vram_amount_mb>
        <vram_frequency_mhz>8008</vram_frequency_mhz>
        <cuda_core_amount>1280</cuda_core_amount>
        <memory_bus_width>192</memory_bus_width>
        <output_port_amount>5</output_port_amount>
    </Gpu>
    <Gpu>
        <ComponentInfo>
            <brand>ASUS</brand>
            <model_number>Strix GTX 1060 OC</model_number>
            <price>131900</price>
            <price_site>https://www.arukereso.hu/videokartya-c3142/asus/geforce-gtx-1060-oc-6gb-gddr5-192bit-pcie-rog-strix-gtx1060-o6g-gaming-p342897726/</price_site>
            <shop_site>https://www.aqua.hu/asus-geforce-gtx-1060-6gb-rog-gaming-videokartya-strix-gtx1060-o6g-gaming-451146.html</shop_site>
            <product_site>https://www.asus.com/Graphics-Cards/ROG-STRIX-GTX1060-O6G-GAMING/</product_site>
        </ComponentInfo>
        <GpuType>
            <brand>Nvidia</brand>
            <name>1060</name>
        </GpuType>
        <base_frequency_mhz>1645</base_frequency_mhz>
        <boost_frequency_mhz>1873</boost_frequency_mhz>
        <vram_amount_mb>6000</vram_amount_mb>
        <vram_frequency_mhz>8208</vram_frequency_mhz>
        <cuda_core_amount>1280</cuda_core_amount>
        <memory_bus_width>192</memory_bus_width>
        <output_port_amount>5</output_port_amount>
    </Gpu>
    <Gpu>
        <ComponentInfo>
            <brand>Gigabyte</brand>
            <model_number>GTX 1060 OC</model_number>
            <price>114900</price>
            <price_site>https://www.arukereso.hu/videokartya-c3142/gigabyte/geforce-gtx-1060-windforce-oc-6gb-gddr5-192bit-pcie-gv-n1060wf2oc-6gd-p344226622/</price_site>
            <shop_site>https://www.aqua.hu/gigabyte-geforce-gtx-1060-oc-6g-windforce-videokartya-gv-n1060wf2oc-6gd-459360.html</shop_site>
            <product_site>https://www.gigabyte.com/Graphics-Card/GV-N1060WF2OC-6GD-rev-10-11</product_site>
        </ComponentInfo>
        <GpuType>
            <brand>Nvidia</brand>
            <name>1060</name>
        </GpuType>
        <base_frequency_mhz>1582</base_frequency_mhz>
        <boost_frequency_mhz>1797</boost_frequency_mhz>
        <vram_amount_mb>6000</vram_amount_mb>
        <vram_frequency_mhz>8008</vram_frequency_mhz>
        <cuda_core_amount>1280</cuda_core_amount>
        <memory_bus_width>192</memory_bus_width>
        <output_port_amount>4</output_port_amount>
    </Gpu>
    <Gpu>
        <ComponentInfo>
            <brand>Gigabyte</brand>
            <model_number>GTX 1060 G1 Gaming</model_number>
            <price>116900</price>
            <price_site>https://www.arukereso.hu/videokartya-c3142/gigabyte/geforce-gtx-1060-g1-gaming-6gb-gddr5-192bit-pcie-gv-n1060g1-gaming-6gd-p342894686/</price_site>
            <shop_site>https://www.aqua.hu/gigabyte-geforce-gtx-1060-6gb-g1-gaming-6g-videokartya-gv-n1060g1-gaming-6gd-452776.html</shop_site>
            <product_site>https://www.gigabyte.com/Graphics-Card/GV-N1060G1-GAMING-6GD-rev-10</product_site>
        </ComponentInfo>
        <GpuType>
            <brand>Nvidia</brand>
            <name>1060</name>
        </GpuType>
        <base_frequency_mhz>1620</base_frequency_mhz>
        <boost_frequency_mhz>1847</boost_frequency_mhz>
        <vram_amount_mb>6000</vram_amount_mb>
        <vram_frequency_mhz>8008</vram_frequency_mhz>
        <cuda_core_amount>1280</cuda_core_amount>
        <memory_bus_width>192</memory_bus_width>
        <output_port_amount>5</output_port_amount>
    </Gpu>
    <Gpu>
        <ComponentInfo>
            <brand>Gigabyte</brand>
            <model_number>Aorus GTX 1060</model_number>
            <price>124900</price>
            <price_site>https://www.arukereso.hu/videokartya-c3142/gigabyte/aorus-geforce-gtx-1060-9gbps-6gb-gddr5-192bit-pcie-gv-n1060aorus-6gd-p366381321/</price_site>
            <shop_site>https://www.aqua.hu/gigabyte-geforce-gtx-1060-6gb-aorus-videokartya-gv-n1060aorus-6gd-531368.html</shop_site>
            <product_site>https://www.gigabyte.com/Graphics-Card/GV-N1060AORUS-6GD-rev-10</product_site>
        </ComponentInfo>
        <GpuType>
            <brand>Nvidia</brand>
            <name>1060</name>
        </GpuType>
        <base_frequency_mhz>1632</base_frequency_mhz>
        <boost_frequency_mhz>1860</boost_frequency_mhz>
        <vram_amount_mb>6000</vram_amount_mb>
        <vram_frequency_mhz>9026</vram_frequency_mhz>
        <cuda_core_amount>1280</cuda_core_amount>
        <memory_bus_width>192</memory_bus_width>
        <output_port_amount>5</output_port_amount>
    </Gpu>
</root>