<root>
    <Gpu>
        <ComponentInfo>
            <brand>Zotac</brand>
            <model_number>GTX 1060 AMP!</model_number>
            <price>101390</price>
            <price_site>https://www.arukereso.hu/videokartya-c3142/zotac/geforce-gtx-1060-amp-edition-6gb-gddr5-192bit-pcie-zt-p10600b-10m-p342897608/</price_site>
            <shop_site>https://www.alza.hu/zotac-geforce-gtx-1060-amp-edition-d4399564.htm</shop_site>
            <product_site>https://www.zotac.com/hu/product/graphics_card/zotac-geforce%C2%AE-gtx-1060-amp-edition</product_site>
        </ComponentInfo>
        <GpuType>
            <brand>Nvidia</brand>
            <name>1060</name>
        </GpuType>
        <base_frequency_mhz>1556</base_frequency_mhz>
        <boost_frequency_mhz>1771</boost_frequency_mhz>
        <vram_amount_mb>6000</vram_amount_mb>
        <vram_frequency_mhz>8008</vram_frequency_mhz>
        <cuda_core_amount>1280</cuda_core_amount>
        <memory_bus_width>192</memory_bus_width>
        <output_port_amount>5</output_port_amount>
    </Gpu>
    <Gpu>
        <ComponentInfo>
            <brand>ASUS</brand>
            <model_number>Dual GTX 1060</model_number>
            <price>99390</price>
            <price_site>https://www.arukereso.hu/videokartya-c3142/asus/geforce-gtx-1060-6gb-gddr5-192bit-pcie-dual-gtx1060-6g-p343321122/</price_site>
            <shop_site>https://www.alza.hu/asus-dual-gtx1060-6g-d4422466.htm</shop_site>
            <product_site>https://www.asus.com/Graphics-Cards/DUAL-GTX1060-6G/</product_site>
        </ComponentInfo>
        <GpuType>
            <brand>Nvidia</brand>
            <name>1060</name>
        </GpuType>
        <base_frequency_mhz>1506</base_frequency_mhz>
        <boost_frequency_mhz>1708</boost_frequency_mhz>
        <vram_amount_mb>6000</vram_amount_mb>
        <vram_frequency_mhz>8008</vram_frequency_mhz>
        <cuda_core_amount>1280</cuda_core_amount>
        <memory_bus_width>192</memory_bus_width>
        <output_port_amount>5</output_port_amount>
    </Gpu>
    <Gpu>
        <ComponentInfo>
            <brand>ASUS</brand>
            <model_number>Dual GTX 1060 OC</model_number>
            <price>110530</price>
            <price_site>https://www.arukereso.hu/videokartya-c3142/asus/geforce-gtx-1060-dual-oc-6gb-gddr5-192bit-pcie-dual-gtx1060-o6g-p342897054/</price_site>
            <shop_site>http://compker.hu/termek/36912</shop_site>
            <product_site>https://www.asus.com/Graphics-Cards/DUAL-GTX1060-O6G/</product_site>
        </ComponentInfo>
        <GpuType>
            <brand>Nvidia</brand>
            <name>1060</name>
        </GpuType>
        <base_frequency_mhz>1594</base_frequency_mhz>
        <boost_frequency_mhz>1809</boost_frequency_mhz>
        <vram_amount_mb>6000</vram_amount_mb>
        <vram_frequency_mhz>8008</vram_frequency_mhz>
        <cuda_core_amount>1280</cuda_core_amount>
        <memory_bus_width>192</memory_bus_width>
        <output_port_amount>5</output_port_amount>
    </Gpu>
    <Gpu>
        <ComponentInfo>
            <brand>MSI</brand>
            <model_number>GTX 1060 OC</model_number>
            <price>97490</price>
            <price_site>https://www.arukereso.hu/videokartya-c3142/msi/geforce-gtx-1060-6gb-gddr5-192bit-pcie-gtx-1060-6gt-ocv1-p349045276/</price_site>
            <shop_site>https://www.alza.hu/msi-gtx-1060-6gt-ocv1-d4516804.htm</shop_site>
            <product_site>https://www.msi.com/Graphics-card/GeForce-GTX-1060-6GT-OCV1.html</product_site>
        </ComponentInfo>
        <GpuType>
            <brand>Nvidia</brand>
            <name>1060</name>
        </GpuType>
        <base_frequency_mhz>1544</base_frequency_mhz>
        <boost_frequency_mhz>1759</boost_frequency_mhz>
        <vram_amount_mb>6000</vram_amount_mb>
        <vram_frequency_mhz>8008</vram_frequency_mhz>
        <cuda_core_amount>1280</cuda_core_amount>
        <memory_bus_width>192</memory_bus_width>
        <output_port_amount>3</output_port_amount>
    </Gpu>
    <Gpu>
        <ComponentInfo>
            <brand>MSI</brand>
            <model_number>GTX 1060 Armor OC</model_number>
            <price>101880</price>
            <price_site>https://www.arukereso.hu/videokartya-c3142/msi/geforce-gtx-1060-6gb-gddr5-192bit-pcie-gtx-1060-armor-6g-ocv1-p345587240/</price_site>
            <shop_site>http://compker.hu/termek/37380</shop_site>
            <product_site>https://www.msi.com/Graphics-card/GeForce-GTX-1060-ARMOR-6G-OCV1.html</product_site>
        </ComponentInfo>
        <GpuType>
            <brand>Nvidia</brand>
            <name>1060</name>
        </GpuType>
        <base_frequency_mhz>1544</base_frequency_mhz>
        <boost_frequency_mhz>1759</boost_frequency_mhz>
        <vram_amount_mb>6000</vram_amount_mb>
        <vram_frequency_mhz>8008</vram_frequency_mhz>
        <cuda_core_amount>1280</cuda_core_amount>
        <memory_bus_width>192</memory_bus_width>
        <output_port_amount>5</output_port_amount>
    </Gpu>
    <Gpu>
        <ComponentInfo>
            <brand>MSI</brand>
            <model_number>GTX 1060 Gaming X</model_number>
            <price>111890</price>
            <price_site>https://www.arukereso.hu/videokartya-c3142/msi/geforce-gtx-1060-6gb-gddr5-192bit-pcie-gtx-1060-gaming-x-6g-p342959352/</price_site>
            <shop_site>https://www.alza.hu//msi-gtx-1060-gaming-x-6g-d4367058.htm</shop_site>
            <product_site>https://www.msi.com/Graphics-card/GeForce-GTX-1060-GAMING-X-6G.html</product_site>
        </ComponentInfo>
        <GpuType>
            <brand>Nvidia</brand>
            <name>1060</name>
        </GpuType>
        <base_frequency_mhz>1594</base_frequency_mhz>
        <boost_frequency_mhz>1809</boost_frequency_mhz>
        <vram_amount_mb>6000</vram_amount_mb>
        <vram_frequency_mhz>8108</vram_frequency_mhz>
        <cuda_core_amount>1280</cuda_core_amount>
        <memory_bus_width>192</memory_bus_width>
        <output_port_amount>5</output_port_amount>
    </Gpu>
    <Gpu>
        <ComponentInfo>
            <brand>ASUS</brand>
            <model_number>Strix GTX 1060</model_number>
            <price>118990</price>
            <price_site>https://www.arukereso.hu/videokartya-c3142/asus/geforce-gtx-1060-6gb-gddr5-192bit-pcie-rog-strix-gtx1060-6g-gaming-p342895972/</price_site>
            <shop_site>https://www.aqua.hu/asus-geforce-gtx-1060-6gb-rog-gaming-videokartya-strix-gtx1060-6g-gaming-451152.html</shop_site>
            <product_site>https://www.asus.com/Graphics-Cards/ROG-STRIX-GTX1060-6G-GAMING/</product_site>
        </ComponentInfo>
        <GpuType>
            <brand>Nvidia</brand>
            <name>1060</name>
        </GpuType>
        <base_frequency_mhz>1531</base_frequency_mhz>
        <boost_frequency_mhz>1746</boost_frequency_mhz>
        <vram_amount_mb>6000</vram_amount_mb>
        <vram_frequency_mhz>8008</vram_frequency_mhz>
        <cuda_core_amount>1280</cuda_core_amount>
        <memory_bus_width>192</memory_bus_width>
        <output_port_amount>5</output_port_amount>
    </Gpu>
    <Gpu>
        <ComponentInfo>
            <brand>ASUS</brand>
            <model_number>Strix GTX 1060 OC</model_number>
            <price>127400</price>
            <price_site>https://www.arukereso.hu/videokartya-c3142/asus/geforce-gtx-1060-oc-6gb-gddr5-192bit-pcie-rog-strix-gtx1060-o6g-gaming-p342897726/</price_site>
            <shop_site>http://compker.hu/termek/37224</shop_site>
            <product_site>https://www.asus.com/Graphics-Cards/ROG-STRIX-GTX1060-O6G-GAMING/</product_site>
        </ComponentInfo>
        <GpuType>
            <brand>Nvidia</brand>
            <name>1060</name>
        </GpuType>
        <base_frequency_mhz>1645</base_frequency_mhz>
        <boost_frequency_mhz>1873</boost_frequency_mhz>
        <vram_amount_mb>6000</vram_amount_mb>
        <vram_frequency_mhz>8208</vram_frequency_mhz>
        <cuda_core_amount>1280</cuda_core_amount>
        <memory_bus_width>192</memory_bus_width>
        <output_port_amount>5</output_port_amount>
    </Gpu>
    <Gpu>
        <ComponentInfo>
            <brand>Gigabyte</brand>
            <model_number>GTX 1060 OC</model_number>
            <price>107140</price>
            <price_site>https://www.arukereso.hu/videokartya-c3142/gigabyte/geforce-gtx-1060-windforce-oc-6gb-gddr5-192bit-pcie-gv-n1060wf2oc-6gd-p344226622/</price_site>
            <shop_site>http://compker.hu/termek/37223</shop_site>
            <product_site>https://www.gigabyte.com/Graphics-Card/GV-N1060WF2OC-6GD-rev-10-11</product_site>
        </ComponentInfo>
        <GpuType>
            <brand>Nvidia</brand>
            <name>1060</name>
        </GpuType>
        <base_frequency_mhz>1582</base_frequency_mhz>
        <boost_frequency_mhz>1797</boost_frequency_mhz>
        <vram_amount_mb>6000</vram_amount_mb>
        <vram_frequency_mhz>8008</vram_frequency_mhz>
        <cuda_core_amount>1280</cuda_core_amount>
        <memory_bus_width>192</memory_bus_width>
        <output_port_amount>4</output_port_amount>
    </Gpu>
    <Gpu>
        <ComponentInfo>
            <brand>Gigabyte</brand>
            <model_number>GTX 1060 G1 Gaming</model_number>
            <price>113950</price>
            <price_site>https://www.arukereso.hu/videokartya-c3142/gigabyte/geforce-gtx-1060-g1-gaming-6gb-gddr5-192bit-pcie-gv-n1060g1-gaming-6gd-p342894686/</price_site>
            <shop_site>http://compker.hu/termek/37222</shop_site>
            <product_site>https://www.gigabyte.com/Graphics-Card/GV-N1060G1-GAMING-6GD-rev-10</product_site>
        </ComponentInfo>
        <GpuType>
            <brand>Nvidia</brand>
            <name>1060</name>
        </GpuType>
        <base_frequency_mhz>1620</base_frequency_mhz>
        <boost_frequency_mhz>1847</boost_frequency_mhz>
        <vram_amount_mb>6000</vram_amount_mb>
        <vram_frequency_mhz>8008</vram_frequency_mhz>
        <cuda_core_amount>1280</cuda_core_amount>
        <memory_bus_width>192</memory_bus_width>
        <output_port_amount>5</output_port_amount>
    </Gpu>
    <Gpu>
        <ComponentInfo>
            <brand>Gigabyte</brand>
            <model_number>Aorus GTX 1060</model_number>
            <price>118490</price>
            <price_site>https://www.arukereso.hu/videokartya-c3142/gigabyte/aorus-geforce-gtx-1060-9gbps-6gb-gddr5-192bit-pcie-gv-n1060aorus-6gd-p366381321/</price_site>
            <shop_site>http://compker.hu/termek/43194</shop_site>
            <product_site>https://www.gigabyte.com/Graphics-Card/GV-N1060AORUS-6GD-rev-10</product_site>
        </ComponentInfo>
        <GpuType>
            <brand>Nvidia</brand>
            <name>1060</name>
        </GpuType>
        <base_frequency_mhz>1632</base_frequency_mhz>
        <boost_frequency_mhz>1860</boost_frequency_mhz>
        <vram_amount_mb>6000</vram_amount_mb>
        <vram_frequency_mhz>9026</vram_frequency_mhz>
        <cuda_core_amount>1280</cuda_core_amount>
        <memory_bus_width>192</memory_bus_width>
        <output_port_amount>5</output_port_amount>
    </Gpu>
</root>