<root>
    <Psu>
        <ComponentInfo>
            <brand>Corsair</brand>
            <model_number>VS550</model_number>
            <price>14472</price>
            <price_site>https://www.arukereso.hu/tapegyseg-c3158/corsair/vs-series-vs550-550w-white-cp-9020171-p397285655/</price_site>
            <shop_site>https://www.pcx.hu//corsair-vs550-550w-cp-9020171-eu-tapegyseg-508676</shop_site>
            <product_site>https://www.corsair.com/us/en/Categories/Products/Power-Supply-Units/vs-series-config-2018/p/CP-9020171-NA</product_site>
        </ComponentInfo>
        <performance_w>550</performance_w>
    </Psu>
    <Psu>
        <ComponentInfo>
            <brand>Corsair</brand>
            <model_number>VS650</model_number>
            <price>17990</price>
            <price_site>https://www.arukereso.hu/tapegyseg-c3158/corsair/vs-series-vs650-650w-white-cp-9020172-p397285661/</price_site>
            <shop_site>http://compker.hu/termek/52986</shop_site>
            <product_site>https://www.corsair.com/us/en/Categories/Products/Power-Supply-Units/vs-series-config-2018/p/CP-9020172-NA</product_site>
        </ComponentInfo>
        <performance_w>650</performance_w>
    </Psu>
    <Psu>
        <ComponentInfo>
            <brand>Corsair</brand>
            <model_number>CX550M</model_number>
            <price>20560</price>
            <price_site>https://www.arukereso.hu/tapegyseg-c3158/corsair/cx-series-cx550m-550w-bronze-cp-9020102-p330235537/</price_site>
            <shop_site>http://compker.hu/termek/32404</shop_site>
            <product_site>https://www.corsair.com/ww/en/Power/cxm-series-2015-config/p/CP-9020102-EU</product_site>
        </ComponentInfo>
        <performance_w>550</performance_w>
        <efficiency_rating>Bronze</efficiency_rating>
        <modularity>Semi-Modular</modularity>
    </Psu>
    <Psu>
        <ComponentInfo>
            <brand>Corsair</brand>
            <model_number>CX650M</model_number>
            <price>23540</price>
            <price_site>https://www.arukereso.hu/tapegyseg-c3158/corsair/cx-series-cx650m-650w-bronze-cp-9020103-p329007453/</price_site>
            <shop_site>http://compker.hu/termek/32405</shop_site>
            <product_site>https://www.corsair.com/ww/en/Power/cxm-series-2015-config/p/CP-9020103-EU</product_site>
        </ComponentInfo>
        <performance_w>650</performance_w>
        <efficiency_rating>Bronze</efficiency_rating>
        <modularity>Semi-Modular</modularity>
    </Psu>
    <Psu>
        <ComponentInfo>
            <brand>Corsair</brand>
            <model_number>TX550M</model_number>
            <price>24470</price>
            <price_site>https://www.arukereso.hu/tapegyseg-c3158/corsair/tx-m-series-tx550m-550w-gold-cp-9020133-p362132657/</price_site>
            <shop_site>http://compker.hu/termek/41004</shop_site>
            <product_site>https://www.corsair.com/us/en/Power/txm-series-2017-config/p/CP-9020133-NA</product_site>
        </ComponentInfo>
        <performance_w>550</performance_w>
        <efficiency_rating>Gold</efficiency_rating>
        <modularity>Semi-Modular</modularity>
    </Psu>
    <Psu>
        <ComponentInfo>
            <brand>Corsair</brand>
            <model_number>TX650M</model_number>
            <price>27790</price>
            <price_site>https://www.arukereso.hu/tapegyseg-c3158/corsair/tx-m-series-tx650m-650w-gold-cp-9020132-p362132665/</price_site>
            <shop_site>https://www.emag.hu/corsair-tx-m-series-tx650m-felmodularis-tapegyseg-650w-80-plus-gold-aktiv-pfc-atx12v-v2-4-cp-9020132-eu/pd/DS5H5KBBM/</shop_site>
            <product_site>https://www.corsair.com/us/en/Power/txm-series-2017-config/p/CP-9020132-NA</product_site>
        </ComponentInfo>
        <performance_w>650</performance_w>
        <efficiency_rating>Gold</efficiency_rating>
        <modularity>Semi-Modular</modularity>
    </Psu>
    <Psu>
        <ComponentInfo>
            <brand>Corsair</brand>
            <model_number>RM550x</model_number>
            <price>29580</price>
            <price_site>https://www.arukereso.hu/tapegyseg-c3158/corsair/rmx-series-rm550x-550w-gold-cp-9020090-p308813759/</price_site>
            <shop_site>http://compker.hu/termek/32387</shop_site>
            <product_site>https://webcache.googleusercontent.com/search?q=cache:qh9SO77wsN4J:https://www.corsair.com/ca/en/Power/RMx-Series/p/CP-9020090-NA/RF</product_site>
        </ComponentInfo>
        <performance_w>550</performance_w>
        <efficiency_rating>Gold</efficiency_rating>
        <modularity>Modular</modularity>
    </Psu>
</root>