<root>
    <Cpu>
        <ComponentInfo>
            <brand>Brand X</brand>
            <model_number>Extreme CPU 390m</model_number>
            <product_site>https://www.google.com/</product_site>
        </ComponentInfo>
        <socket>518</socket>
        <generation>3</generation>
        <unlocked>true</unlocked>

        <cores>12</cores>
        <threads>24</threads>
        <base_frequency_mhz>6000</base_frequency_mhz>
        <turbo_frequency_mhz>7800</turbo_frequency_mhz>
        <caches>
            <cache_mb>1.2</cache_mb>
            <cache_mb>6.8</cache_mb>
            <cache_mb>40</cache_mb>
        </caches>
        <ram_max_mb>1024000</ram_max_mb>
        <tdp_w>115</tdp_w>

        <IGpu>
            <ComponentInfo>
                <brand>Brand X</brand>
                <model_number>XGraphics 300</model_number>
            </ComponentInfo>
            <base_frequency_mhz>1500</base_frequency_mhz>
            <max_frequency_mhz>2600</max_frequency_mhz>
            <supported_displays>15</supported_displays>
        </IGpu>
    </Cpu>
</root>