<root>
    <Motherboard>
        <ComponentInfo>
            <brand>Brand Y</brand>
            <model_number>K390 m5775 Xtreme</model_number>
            <product_site>https://www.facebook.com/</product_site>
        </ComponentInfo>
        <CpuType>
            <brand>Brand X</brand>
            <socket>518</socket>
        </CpuType>
        <RamTypes>
            <RamType>
                <type>DDR4</type>
                <frequency>2133</frequency>
            </RamType>
            <RamType>
                <type>DDR4</type>
                <frequency>2400</frequency>
            </RamType>
            <RamType>
                <type>DDR4</type>
                <frequency>2666</frequency>
            </RamType>
        </RamTypes>

        <ram_slots>16</ram_slots>
        <ram_max_mb>1024000</ram_max_mb>
        <form_factor>ATX</form_factor>
        <chipset>K390</chipset>
        <max_pcie_version>3</max_pcie_version>
    </Motherboard>
    <Motherboard>
        <ComponentInfo>
            <brand>Brand Y</brand>
            <model_number>K390 Performance</model_number>
            <product_site>https://www.twitter.com/</product_site>
        </ComponentInfo>
        <CpuType>
            <brand>Brand X</brand>
            <socket>518</socket>
        </CpuType>
        <RamTypes>
            <RamType>
                <type>DDR4</type>
                <frequency>2133</frequency>
            </RamType>
            <RamType>
                <type>DDR4</type>
                <frequency>2400</frequency>
            </RamType>
            <RamType>
                <type>DDR4</type>
                <frequency>2666</frequency>
            </RamType>
        </RamTypes>

        <ram_slots>16</ram_slots>
        <ram_max_mb>1024000</ram_max_mb>
        <form_factor>ATX</form_factor>
        <chipset>K390</chipset>
        <max_pcie_version>3</max_pcie_version>
    </Motherboard>
</root>