<root>
    <Component name="Motherboard" className="Motherboard">
        <NodeName>form_factor</NodeName>
        <NodeName>chipset</NodeName>
        <NodeName>ram_slots</NodeName>
        <NodeName>ram_max_mb</NodeName>
        <NodeName>max_pcie_version</NodeName>
    </Component>
    <Component name="CPU" enabledAtStart="false">
        <NodeName>generation</NodeName>
        <NodeName>unlocked</NodeName>
        <NodeName>cores</NodeName>
        <NodeName>threads</NodeName>
        <NodeName>base_frequency_mhz</NodeName>
        <NodeName>turbo_frequency_mhz</NodeName>
        <NodeName>ram_max_mb</NodeName>
        <NodeName>tdp_w</NodeName>
        <NodeName>socket</NodeName>
    </Component>
</root>
