<root>
    <brand name="Intel"/>
    <brand name="AMD"/>
    <brand name="Nvidia"/>
    <brand name="Kingston"/>
    <brand name="G.Skill"/>
    <brand name="Gigabyte"/>
    <brand name="MSI"/>
    <brand name="ASUS"/>
    <brand name="Zotac"/>
    <brand name="Corsair"/>
    <brand name="Samsung"/>
    <brand name="ADATA"/>
    <brand name="Toshiba"/>
    <brand name="Western Digital"/>
    <brand name="Corsair"/>
    <brand name="Phanteks"/>
    <brand name="NZXT"/>
    <brand name="Cooler Master"/>
    <brand name="be quiet!"/>
    <brand name="Zalman"/>
</root>